{
    "acceso": {
        "permanente": [
            1120495933952634911,
            1442624941047550145
        ],
        "mensual": []
    },
    "gratis": false,
    "escudos": [],
    "estadisticas": {
        "1422694418963763200": {
            "nombre": "bertkat",
            "avatar": "https://cdn.discordapp.com/avatars/1422694418963763200/ed25dbc727ea9f3f9fdca609959b5d95.png?size=1024",
            "usos": 40
        },
        "1120495933952634911": {
            "nombre": "wqtxnachxx",
            "avatar": "https://cdn.discordapp.com/avatars/1120495933952634911/ec8f8c31de9980934436df3338498745.png?size=1024",
            "usos": 3
        },
        "1442624941047550145": {
            "nombre": "sliq._2",
            "avatar": "https://cdn.discordapp.com/avatars/1442624941047550145/a_ccf9b9607746fbf84129aa07aad22193.gif?size=1024",
            "usos": 1
        }
    },
    "monedas": {
        "1422694418963763200": 0
    },
    "acceso_temporal": {},
    "compras_acceso": {},
    "juegos_diarios": {
        "1422694418963763200": [
            "2025-11-27T01:33:39.052709"
        ]
    },
    "estado": {
        "tipo": "escuchando",
        "texto": "como gime la mam\u00e1 de Not$eru"
    },
    "presencia": "activo",
    "acceso_basico": {
        "1245089839112650857": "2025-12-28T17:56:12.310130",
        "1318552961487601732": "2025-12-29T02:30:44.453442"
    },
    "acceso_pro_temporal": {},
    "acceso_pro_permanente": [
        1422694418963763200,
        1120495933952634911
    ],
    "ultimo_uso_basico": {
        "1422694418963763200_1422694418963763200": "2025-11-28T17:56:37.144254",
        "1422694418963763200_1245089839112650857": "2025-11-28T18:03:08.576897"
    },
    "canales_links_permitidos": [
        1440841383144591370,
        1444163845999427674
    ],
    "ultimo_uso_sugerencia": {}
}